currency,observations,latest_spot,missing_spot_pct,staleness_spot_days,latest_reer,missing_reer_pct,staleness_reer_days,latest_policy_rate,missing_policy_rate_pct,staleness_policy_rate_days,status
AUD,380,2026-08-31,0,28,2026-08-31,0,28,2026-08-31,0,28,OK
BRL,380,2026-08-31,0,28,2026-08-31,0,28,2026-08-31,0,28,OK
CAD,380,2026-08-31,0,28,2026-08-31,0,28,2026-08-31,0,28,OK
CHF,380,2026-08-31,0,28,2026-08-31,0,28,2026-08-31,0,28,OK
CLP,380,2026-08-31,0,28,2026-08-31,0,28,2026-08-31,0.06578947368,28,OK
CNY,380,2026-08-31,0,28,2026-08-31,0,28,2026-08-31,0.03157894737,28,OK
COP,380,2026-08-31,0,28,2026-08-31,0,28,2026-08-31,0.007894736842,28,OK
CZK,380,2026-08-31,0,28,2026-08-31,0,28,2026-08-31,0.02894736842,28,OK
DKK,380,2026-08-31,0,28,2026-08-31,0,28,2026-08-31,0,28,OK
EUR,380,2026-08-31,0,28,2026-08-31,0,28,2026-08-31,0.1263157895,28,OK
GBP,380,2026-08-31,0,28,2026-08-31,0,28,2026-08-31,0,28,OK
HKD,380,2026-08-31,0,28,2026-08-31,0,28,2026-08-31,0.1157894737,28,OK
HUF,380,2026-08-31,0,28,2026-08-31,0,28,2026-08-31,0,28,OK
IDR,380,2026-08-31,0,28,2026-08-31,0,28,2026-08-31,0.3315789474,28,OK
ILS,380,2026-08-31,0,28,2026-08-31,0,28,2026-08-31,0,28,OK
INR,380,2026-08-31,0,28,2026-08-31,0,28,2026-08-31,0,28,OK
JPY,380,2026-08-31,0,28,2026-08-31,0,28,2026-08-31,0.2894736842,28,OK
KRW,380,2026-08-31,0,28,2026-08-31,0,28,2026-08-31,0.1368421053,28,OK
MXN,380,2026-08-31,0,28,2026-08-31,0,28,2026-08-31,0.1210526316,28,OK
MYR,380,2026-08-31,0,28,2026-08-31,0,28,2026-08-31,0.02631578947,28,OK
NOK,380,2026-08-31,0,28,2026-08-31,0,28,2026-08-31,0,28,OK
NZD,380,2026-08-31,0,28,2026-08-31,0,28,2026-08-31,0,28,OK
PHP,380,2026-08-31,0,28,2026-08-31,0,28,2026-08-31,0,28,OK
PLN,380,2026-08-31,0,28,2026-08-31,0,28,2026-08-31,0,28,OK
SEK,380,2026-08-31,0,28,2026-08-31,0,28,2026-08-31,0,28,OK
THB,380,2026-08-31,0,28,2026-08-31,0,28,2026-08-31,0.1684210526,28,OK
TRY,380,2026-08-31,0,28,2026-08-31,0,28,2026-08-31,0.2236842105,28,OK
USD,380,2026-08-31,0,28,2026-08-31,0,28,2026-08-31,0,28,OK
ZAR,380,2026-08-31,0,28,2026-08-31,0,28,2026-08-31,0,28,OK
