alpha_annualized,alpha_tstat_hac,r_squared,idio_vol_annualized,idio_variance_share,observations,beta_dollar,tstat_dollar_hac,beta_carry,tstat_carry_hac,beta_value,tstat_value_hac,beta_momentum,tstat_momentum_hac,currency,start_date,end_date
-0.003295552878,-0.2955608004,0.3128726225,0.0556512307,0.6871273775,313,0.5148239505,10.66944555,0.05766773971,1.06668298,-0.1127449768,-1.653024227,0.006436785247,0.1346936751,AUD,2000-08-31,2026-08-31
-0.0001162931883,-0.005596686231,0.3561858167,0.1073941531,0.6438141833,313,0.1524225704,1.376757691,1.001718968,9.912865571,0.5865488687,3.967752124,0.1747701919,1.127316483,BRL,2000-08-31,2026-08-31
-0.0103668798,-1.051306762,0.01601169425,0.05806819197,0.9839883057,313,-0.06808272017,-1.268027148,-0.001431959803,-0.02217338517,-0.08667390472,-1.091811703,-0.03460886899,-0.4921009492,CAD,2000-08-31,2026-08-31
0.01913004771,2.07384819,0.3611384091,0.05440435312,0.6388615909,313,0.1848538154,2.845737575,-0.6189655784,-11.79821566,-0.1666067364,-2.751854578,0.04981871246,1.04810524,CHF,2000-08-31,2026-08-31
-0.02806054622,-1.736112082,0.06394905938,0.09115436712,0.9360509406,313,0.05935137441,0.5907119764,0.2620049294,2.736583625,0.2186739791,2.382004659,0.1316735411,1.480583905,CLP,2000-08-31,2026-08-31
0.03805397383,4.993653125,0.765092485,0.03057077789,0.234907515,313,-0.7565209604,-21.64819986,-0.07650833434,-2.528898842,0.1016730076,3.215537017,0.03163483805,1.061176946,CNY,2000-08-31,2026-08-31
-0.01392677242,-0.7450961921,0.1780890065,0.09184029665,0.8219109935,313,-0.01423738318,-0.162624163,0.6287520936,6.946622047,0.1469154724,1.431496578,0.1346355092,1.191099068,COP,2000-08-31,2026-08-31
0.02668561599,2.499735034,0.3984317872,0.05486111803,0.6015682128,313,0.5218299977,9.597336414,-0.5715706222,-8.87237526,-0.1347258013,-2.662209636,-0.0263079028,-0.4724738764,CZK,2000-08-31,2026-08-31
0.00572822533,0.7583770485,0.4433541488,0.03899621555,0.5566458512,313,0.2749137451,5.362085127,-0.5264950801,-11.2248866,-0.08731536697,-1.687441029,-0.0220276969,-0.5134412476,DKK,2000-08-31,2026-08-31
0.008596137894,1.141924296,0.4399549036,0.03930358062,0.5600450964,313,0.2756932215,5.235481475,-0.5266247625,-11.00154819,-0.08899938041,-1.693668382,-0.0304171547,-0.6924263932,EUR,2000-08-31,2026-08-31
0.0051485913,0.4709816339,0.237372248,0.05557434797,0.762627752,313,-0.00705341674,-0.1249900868,-0.4059827751,-6.849432,-0.2314483675,-3.381722025,-0.1472996354,-2.55778916,GBP,2000-08-31,2026-08-31
0.007380739213,5.210767506,0.9918906687,0.006084972177,0.008109331335,313,-0.9402620305,-141.926982,-0.0134477636,-1.724222048,-9.397427189e-06,-0.001040862028,0.002556641143,0.3650522577,HKD,2000-08-31,2026-08-31
0.01697509531,1.246079918,0.2982226186,0.074110946,0.7017773814,313,0.7020332737,9.753489692,-0.215146882,-3.255848043,-0.2785986496,-3.078346262,-0.02523324884,-0.3475972976,HUF,2000-08-31,2026-08-31
0.002576804344,0.1822766521,0.1776470201,0.06621933568,0.8223529799,253,-0.2994377875,-3.683519508,0.4337884167,5.589216686,-0.04862538724,-0.622605785,-0.1464806639,-2.150408763,IDR,2005-08-31,2026-08-31
0.01391188852,1.150943008,0.1045374604,0.06538028866,0.8954625396,313,-0.2537567386,-4.645343788,-0.1292177431,-1.967436428,-0.002594295256,-0.03456648846,0.02012020735,0.3090111304,ILS,2000-08-31,2026-08-31
-0.004233857734,-0.4274602551,0.3091773572,0.05111423103,0.6908226428,313,-0.4662548905,-9.473619167,0.2807541834,5.78181271,-0.09616214106,-1.8445174,0.02239976917,0.4094769095,INR,2000-08-31,2026-08-31
-0.0246542392,-1.287410407,0.4671539731,0.07437915408,0.5328460269,217,-0.4099482091,-4.976382165,-0.7222263097,-8.953422776,0.2945364953,2.807431283,0.2639630935,2.619824562,JPY,2000-09-30,2026-08-31
-0.01599422002,-1.114707326,0.008987702994,0.07159115984,0.991012297,313,0.09734478801,1.243110733,-0.03549774808,-0.493577054,-0.02188226492,-0.259781998,0.02977610436,0.4004843793,KRW,2000-08-31,2026-08-31
-0.009928946002,-0.599628317,0.1852655649,0.07744450123,0.8147344351,313,-0.1698784897,-2.450361494,0.5686078111,6.098353376,0.1182950714,1.392285681,-0.02942886159,-0.3617127115,MXN,2000-08-31,2026-08-31
-0.001440730467,-0.140227722,0.1714250134,0.04775300076,0.8285749866,313,-0.305766731,-5.426711531,0.02552362812,0.3806850468,0.1414160196,2.260307501,0.007614231086,0.1320104346,MYR,2000-08-31,2026-08-31
-4.503428471e-05,-0.003602545956,0.2531492849,0.06485754074,0.7468507151,313,0.4948686386,6.616707156,-0.3941225665,-5.268854232,-0.004156603743,-0.05016057163,-0.09266067211,-1.410200877,NOK,2000-08-31,2026-08-31
0.008005789572,0.5937887907,0.2289676106,0.07055811132,0.7710323894,313,0.5635634801,10.30397802,-0.1287252986,-2.033465814,0.001180079623,0.01334487742,0.05693551866,0.8559971508,NZD,2000-08-31,2026-08-31
0.009567698864,0.9287695931,0.3171699319,0.05203977455,0.6828300681,313,-0.5118275171,-10.59488033,0.06434989791,1.360664796,-0.01213999562,-0.1878729487,-0.0363825371,-0.6520325096,PHP,2000-08-31,2026-08-31
0.01265902925,0.8821631417,0.310113258,0.06685476017,0.689886742,313,0.6346197233,9.907084516,-0.1497947316,-2.151581022,-0.3188566538,-3.957968706,-0.09152876252,-1.150880761,PLN,2000-08-31,2026-08-31
-0.004042466607,-0.4414164993,0.4842203703,0.0473091956,0.5157796297,313,0.5501783219,12.67404269,-0.5735514152,-10.07940987,-0.05935008296,-0.9763281396,-0.06068275724,-1.285358176,SEK,2000-08-31,2026-08-31
0.0007892474779,0.06726831654,0.1653410378,0.05509843193,0.8346589622,313,-0.2936635392,-4.945925441,-0.09923195637,-1.590944788,-0.02945133504,-0.3842450493,0.04894662875,0.7723343222,THB,2000-08-31,2026-08-31
-0.03408629711,-1.125370191,0.2777870403,0.126581974,0.7222129597,294,-0.1494211087,-1.306940334,1.122826654,7.21391828,0.01696128128,0.08098197368,-0.4080366983,-2.610500518,TRY,2002-03-31,2026-08-31
1.943938241e-05,1.438739033,0.9999991236,6.439192286e-05,8.763856166e-07,313,-0.9650202566,-8339.265506,-0.0001004230128,-1.324526443,-1.334845662e-05,-0.1118822457,8.926679277e-05,0.9881986505,USD,2000-08-31,2026-08-31
-0.03286101046,-1.573174725,0.2692629494,0.1046536966,0.7307370506,313,0.4223303621,4.495679276,0.6924073739,6.814983222,0.1728117113,0.9667417303,0.1507815571,1.266811066,ZAR,2000-08-31,2026-08-31
