date,factor,forecast,lower_80,upper_80,lower_95,upper_95,ar_order,ma_order,aic,training_observations,training_end
2026-09-30,dollar,0.0009150490713,-0.02377531492,0.02560541306,-0.0368456041,0.03867570224,0,0,-1913.903587,379,2026-08-31
2026-10-31,dollar,0.0009150490713,-0.02377531492,0.02560541306,-0.0368456041,0.03867570224,0,0,-1913.903587,379,2026-08-31
2026-11-30,dollar,0.0009150490713,-0.02377531492,0.02560541306,-0.0368456041,0.03867570224,0,0,-1913.903587,379,2026-08-31
2026-12-31,dollar,0.0009150490713,-0.02377531492,0.02560541306,-0.0368456041,0.03867570224,0,0,-1913.903587,379,2026-08-31
2027-01-31,dollar,0.0009150490713,-0.02377531492,0.02560541306,-0.0368456041,0.03867570224,0,0,-1913.903587,379,2026-08-31
2027-02-28,dollar,0.0009150490713,-0.02377531492,0.02560541306,-0.0368456041,0.03867570224,0,0,-1913.903587,379,2026-08-31
2027-03-31,dollar,0.0009150490713,-0.02377531492,0.02560541306,-0.0368456041,0.03867570224,0,0,-1913.903587,379,2026-08-31
2027-04-30,dollar,0.0009150490713,-0.02377531492,0.02560541306,-0.0368456041,0.03867570224,0,0,-1913.903587,379,2026-08-31
2027-05-31,dollar,0.0009150490713,-0.02377531492,0.02560541306,-0.0368456041,0.03867570224,0,0,-1913.903587,379,2026-08-31
2027-06-30,dollar,0.0009150490713,-0.02377531492,0.02560541306,-0.0368456041,0.03867570224,0,0,-1913.903587,379,2026-08-31
2027-07-31,dollar,0.0009150490713,-0.02377531492,0.02560541306,-0.0368456041,0.03867570224,0,0,-1913.903587,379,2026-08-31
2027-08-31,dollar,0.0009150490713,-0.02377531492,0.02560541306,-0.0368456041,0.03867570224,0,0,-1913.903587,379,2026-08-31
2026-09-30,carry,0.003682239354,-0.02097219431,0.02833667302,-0.03402346313,0.04138794184,0,1,-1913.172061,379,2026-08-31
2026-10-31,carry,0.00464859896,-0.02025261446,0.02954981238,-0.03343452058,0.0427317185,0,1,-1913.172061,379,2026-08-31
2026-11-30,carry,0.00464859896,-0.02025261446,0.02954981238,-0.03343452058,0.0427317185,0,1,-1913.172061,379,2026-08-31
2026-12-31,carry,0.00464859896,-0.02025261446,0.02954981238,-0.03343452058,0.0427317185,0,1,-1913.172061,379,2026-08-31
2027-01-31,carry,0.00464859896,-0.02025261446,0.02954981238,-0.03343452058,0.0427317185,0,1,-1913.172061,379,2026-08-31
2027-02-28,carry,0.00464859896,-0.02025261446,0.02954981238,-0.03343452058,0.0427317185,0,1,-1913.172061,379,2026-08-31
2027-03-31,carry,0.00464859896,-0.02025261446,0.02954981238,-0.03343452058,0.0427317185,0,1,-1913.172061,379,2026-08-31
2027-04-30,carry,0.00464859896,-0.02025261446,0.02954981238,-0.03343452058,0.0427317185,0,1,-1913.172061,379,2026-08-31
2027-05-31,carry,0.00464859896,-0.02025261446,0.02954981238,-0.03343452058,0.0427317185,0,1,-1913.172061,379,2026-08-31
2027-06-30,carry,0.00464859896,-0.02025261446,0.02954981238,-0.03343452058,0.0427317185,0,1,-1913.172061,379,2026-08-31
2027-07-31,carry,0.00464859896,-0.02025261446,0.02954981238,-0.03343452058,0.0427317185,0,1,-1913.172061,379,2026-08-31
2027-08-31,carry,0.00464859896,-0.02025261446,0.02954981238,-0.03343452058,0.0427317185,0,1,-1913.172061,379,2026-08-31
2026-09-30,value,-0.0004321431658,-0.02198186822,0.02111758189,-0.03338960357,0.03252531724,0,0,-1665.116644,313,2026-08-31
2026-10-31,value,-0.0004321431658,-0.02198186822,0.02111758189,-0.03338960357,0.03252531724,0,0,-1665.116644,313,2026-08-31
2026-11-30,value,-0.0004321431658,-0.02198186822,0.02111758189,-0.03338960357,0.03252531724,0,0,-1665.116644,313,2026-08-31
2026-12-31,value,-0.0004321431658,-0.02198186822,0.02111758189,-0.03338960357,0.03252531724,0,0,-1665.116644,313,2026-08-31
2027-01-31,value,-0.0004321431658,-0.02198186822,0.02111758189,-0.03338960357,0.03252531724,0,0,-1665.116644,313,2026-08-31
2027-02-28,value,-0.0004321431658,-0.02198186822,0.02111758189,-0.03338960357,0.03252531724,0,0,-1665.116644,313,2026-08-31
2027-03-31,value,-0.0004321431658,-0.02198186822,0.02111758189,-0.03338960357,0.03252531724,0,0,-1665.116644,313,2026-08-31
2027-04-30,value,-0.0004321431658,-0.02198186822,0.02111758189,-0.03338960357,0.03252531724,0,0,-1665.116644,313,2026-08-31
2027-05-31,value,-0.0004321431658,-0.02198186822,0.02111758189,-0.03338960357,0.03252531724,0,0,-1665.116644,313,2026-08-31
2027-06-30,value,-0.0004321431658,-0.02198186822,0.02111758189,-0.03338960357,0.03252531724,0,0,-1665.116644,313,2026-08-31
2027-07-31,value,-0.0004321431658,-0.02198186822,0.02111758189,-0.03338960357,0.03252531724,0,0,-1665.116644,313,2026-08-31
2027-08-31,value,-0.0004321431658,-0.02198186822,0.02111758189,-0.03338960357,0.03252531724,0,0,-1665.116644,313,2026-08-31
2026-09-30,momentum,0.00374213432,-0.0188082292,0.02629249784,-0.03074567056,0.0382299392,1,2,-1960.58163,376,2026-08-31
2026-10-31,momentum,0.003454147365,-0.01911615689,0.02602445162,-0.03106415424,0.03797244897,1,2,-1960.58163,376,2026-08-31
2026-11-30,momentum,0.003453484207,-0.01912396433,0.02603093274,-0.03107574363,0.03798271204,1,2,-1960.58163,376,2026-08-31
2026-12-31,momentum,0.003452833896,-0.01913148265,0.02603715045,-0.03108689766,0.03799256545,1,2,-1960.58163,376,2026-08-31
2027-01-31,momentum,0.003452196183,-0.01913872289,0.02604311526,-0.03109763306,0.03800202543,1,2,-1960.58163,376,2026-08-31
2027-02-28,momentum,0.003451570824,-0.01914569562,0.02604883726,-0.03110796588,0.03801110753,1,2,-1960.58163,376,2026-08-31
2027-03-31,momentum,0.00345095758,-0.019152411,0.02605432616,-0.03111791154,0.0380198267,1,2,-1960.58163,376,2026-08-31
2027-04-30,momentum,0.003450356216,-0.01915887881,0.02605959124,-0.03112748486,0.03802819729,1,2,-1960.58163,376,2026-08-31
2027-05-31,momentum,0.003449766503,-0.01916510844,0.02606464144,-0.03113670008,0.03803623308,1,2,-1960.58163,376,2026-08-31
2027-06-30,momentum,0.003449188213,-0.01917110891,0.02606948534,-0.03114557089,0.03804394731,1,2,-1960.58163,376,2026-08-31
2027-07-31,momentum,0.003448621127,-0.01917688891,0.02607413116,-0.03115411043,0.03805135269,1,2,-1960.58163,376,2026-08-31
2027-08-31,momentum,0.003448065026,-0.01918245677,0.02607858682,-0.03116233136,0.03805846141,1,2,-1960.58163,376,2026-08-31
